<?xml version="1.0" encoding="UTF-8"?>
<project-private xmlns="http://www.netbeans.org/ns/project-private/1">
    <editor-bookmarks xmlns="http://www.netbeans.org/ns/editor-bookmarks/2" lastBookmarkId="0"/>
    <open-files xmlns="http://www.netbeans.org/ns/projectui-open-files/2">
        <group>
            <file>file:/C:/Users/timmermank1/Dropbox/MyStuff/CSCI%20220/Projects/Store%20Simulation%20Variations/Store%20Simulator%20-%20Spring%202019/StoreSimulation/StoreSimulation/src/storesimulation/StoreSimulation.java</file>
            <file>file:/C:/Users/timmermank1/Dropbox/MyStuff/CSCI%20220/Projects/Store%20Simulation%20Variations/Store%20Simulator%20-%20Spring%202019/StoreSimulation/StoreSimulation/src/storesimulation/MyHeap.java</file>
        </group>
    </open-files>
</project-private>
